URL,Title,Content
https://www.cnnindonesia.com/olahraga/20251218161751-178-1308326/hasil-basket-sea-games-indonesia-kalah-dramatis-dari-filipina,Hasil Basket SEA Games: Indonesia Kalah Dramatis dari Filipina,timnas basket indonesiakalah dramatis 6871 filipina babak semifinal sea games 2025 stadion nimibutr bangkok kamis 1812 sore wib timnas basket mulai tanding sangat baik andakara prastawa kawankawan hasil pimpin oleh poin atas filipina kuarter pertama indonesia hasil unggul 12 poin atas filipina skor 2715 advertisement scroll to continue with content filipina bangkit kuarter dua poin oleh indonesia batas raih tujuh poin filipina hasil raih 18 poin indonesia tutup kuarter dua unggul satu poin 3534 kuarter tiga dominasi filipina indonesia keluar tekan lawan alhasil filipina balik situasi jadi unggul 5547three point andakara kecil defisit poin indonesia waktu kurang menit kuarter empat indonesia paut tujuh poin filipina duduk 6370 tekan terus laku indonesia satu poin tambah dapat lewat free throw andakara buat skor jadi 6470 defisit poin jadi hanya empat poin lay up derrick hasil poin indonesia filipina hanya unggul empat poin 7066 timnas basket indonesia raih poin buat duduk jadi 6870 tambah dua poin dapat lalu free throw abraham damar defisit tiga poin tidak bisa lagi kejar indonesia detikdetik akhir tanding indonesia kalah 6871 filipina gambasvideo cnn
https://www.cnnindonesia.com/ekonomi/20250312113315-625-1207882/sinergi-mandiri-perbasi-percepat-kelahiran-bintang-basket-indonesia,Sinergi Mandiri & Perbasi Percepat Kelahiran Bintang Basket Indonesia,bank mandiri lanjut upaya akselerasi prestasi olahraga basket nasional jalin kerja sama strategis sama satu bola basket seluruh indonesia basi ditandatangani auditorium plaza mandiri jakarta selasa 113 acara turut hadir wakil direksi manajemen bank mandiri jajar dewan urus pusat dpp basi lalu sinergi bank mandiri upaya kuat ekosistem bola basket nasional hadir bagai program bina harap kerja sama buka jalan talenta muda indonesia saing level internasional direktur utama bank mandiri darmawan junaidi sambut tegas kolaborasi basi rupa bagi tanggung jawab usaha dukung maju olahraga nasional advertisement scroll to continue with content bumn milik komitmen terus dukung kembang talenta muda masuk bidang olahraga dapat prestasi kancah global ujar darmawan darmawan yakin olahraga basket milik potensi besar kembang lebih jauh dukung tepat karena sinergi basi fokus tingkat kompetisi latih atlet kuat infrastruktur basket nasional itu program juga libat bagai turnamen kompetisi kuat daya saing atlet muda bank mandiri harap inisiatif dapat lahir lebih banyak main kualitas mampu harum nama indonesia bagai panggung dunia kata darmawan ketua umum basi budisatrio djiwandono nyata sambut baik terhadao kerja sama bank mandiri nilai langkah maju dunia basket indonesia sinergi bank mandiri bantu dalam cipta ekosistem lebih baik kembang atlet kompetisi basket indonesia makin daya saing ujar budisatrio depan bank mandiri basi akan kuat mitra hadir bagai inisiatif baru semangat sinergi komitmen kuat harap kerja sama dapat bawa basket indonesia level lebih tinggi belum bank mandiri jalin mitra strategis indonesian basketball league ibl mitra utama 2025 dukung liput bagai aspek krusial mulai kembang bakat muda tingkat standar liga hingga selenggara kompetisi profesional hadir aktif bagai inisiatif bola basket nasional bank mandiri tegas peran bangun ekosistem olahraga solid daya saing tingkat internasional
https://www.cnnindonesia.com/olahraga/20251211195900-178-1305690/timnas-basket-3x3-cetak-sejarah-sumbang-emas-ke-12-buat-indonesia,"Timnas Basket 3x3 Cetak Sejarah, Sumbang Emas ke-12 Buat Indonesia",kontingen indonesia hasil raih medali emas ke12sea games 2025berkat hasil timnas bola basket 3x3 jadi baik kamis 1112 timnas bola basket 3x3 putri catat sejarah kali pertama sejak bola basket 3x3 tanding sea games 2019 filipina indonesia koleksi medali emas pasti indonesia koleksi medali emas jadi sea games 2025 thailand indonesia raih medali emas usai tak kalah sejak sisih grup advertisement scroll to continue with content timnas 3x3 putri mulai jalan sea games 2025 thailand grup a rabu 1012 kalah filipina 2115 kemudian jaga dominasi tumbang malaysia 1910 laga dua sukses kalah rival grup a timnas 3x3 putri lenggang semifinal status juara grup semifinal tim kuat evelyn fiyo kimberley pierrelouis agustin gradita retong ayu sriartha kusuma dewi hadap vietnam hari ikut tanding langsung nimibutr stadium bangkok kamis 1112 vietnam takluk duduk 2018 menang antar final final timnas 3x3 putri asuh fandi andika ramadhani hadap thailand partai puncak thailand atas duduk 2018 indonesia juara cetak sejarah raih medali emas medali koleksi timnas 3x3 putri perunggu medali masingmasing catat sea games 2021 hanoi sea games 2023 kamboja sejarah baru bola basket pertama kali dapat medali emas sejak 3x3 putri tanding sea games terang sekjen dpp basi nirmala dewi manajer timnas 3x3 indonesia john nawawi aku bangga jadi bagi sejarah bola basket indonesia ingat adalah medali emas pertama indonesia bola basket 3x3 sejak tanding sea games 2019 filipina emas pertama sejarah 3x3 putri indonesia sangat bangga atas prestasi atletatlet coaching staff terang john turut medali emas dapat mudah semua kerja keras juang gak mudah dengan pemainpemain alam 3x3 2 sea games berturutturut selalu peleset semifinal raih perunggu kali tidak menyianyiakan sempat final they say third times a charm ucap john kata john medali emas jadi motivasi sendiri kembang bola basket 3x3 indonesia dengan capai harap lang level lebih tinggi medali emas adalah harap besar buat tim putri 3x3 kita untuk maju terus ke level lebih dan first of many gold for 3x3 indonesia tukas gambasvideo cnn
https://www.cnnindonesia.com/olahraga/20251014124629-178-1284325/timnas-basket-indonesia-tc-di-australia-jelang-sea-games-2025,Timnas Basket Indonesia TC di Australia Jelang SEA Games 2025,timnas basket putra indonesiaakan laku pusat latih tc try out australia menjelangsea games 2025 pusat latih sebut rencana laku mulai 21 oktober datang tidak kendala timnas basket indonesia ada negeri kanguru hingga 2 november manajer timnas bola basket putra indonesia rivaldo tandra pangesthio kata tc australia harap katrol performa main bidik medali emas sea games 2025 thailand advertisement scroll to continue with content sana australia telah jadwal jumlah laga uji coba lawan timtim lokal rasa jadi ajang siap scrimmage bagus main lalu rangkai uji coba sebut ingin lihat jauh mana kembang main sekaligus ukur kesiap tim bagai situasi tanding kata rivaldo rilis resmi selasa 1410 skuad timnas basket indonesia jumlah 18 main nanti 15 main ikut pusat latih australia kurang laku waktu dekat belum pusat latih timnas basket indonesia sejak 10 september ikut 24 main tiga pekan lebih latih david singleton putus coret enam main enam main sebut abraham wenas fisyaiful amir kelvin sanjaya gede elgi wimbardi adrien maxime alain chalias neo putu satria pande saat tim nasional ada tahap siap tuju mangkas skuad jadi 15 main berangkat australia kami harap program tim makin solid matang strategi milik mentalitas juang kuat ucap rivaldo mohon doa dukung seluruh masyarakat indonesia proses siap ini jalan lancar tim nasional dapat beri baik merah putih kata rivaldo sea games 2025 thailand akan langsung 920 desember datang gambasvideo cnn
https://www.cnnindonesia.com/olahraga/20251012093806-183-1283620/tim-basket-kemenimipas-sabet-gelar-juara-pornas-xvii-korpri-2025,Tim Basket Kemenimipas Sabet Gelar Juara PORNAS XVII KORPRI 2025,tim basket menteri imigrasi masyarakat kemenimipas raih gelar juara pekan olahraga nasional pornas xvii korps pegawai republik indonesia korpri palembang sabtu 1110 laga final langsung gor sekolah palembang harap tim kemenimipas tunduk tim sulawesi utara skor telak 6432 tanding langsung ketat sejak awal kemenimipas tampil lebih solid tahan rapat kerja sama tim konsisten advertisement scroll to continue with content dukung suporter rekanrekan kontingen hadir langsung turut bakar semangat main hingga peluit akhir bunyi ketua kontingen kemenimipas maulid hilal sampai rasa syukur sekaligus apresiasi seluruh pihak tim basket kemenimipas raih prestasi tinggi ada hanya satu kata sembah puji syukur alhamdulillah allah swt semua rida kuat allah ikan tim kemenimimpas ujar hilal laga hasil tim basket kemenimipas tambah daftar prestasi bangga ajang tahun belum kemenimipas aman medali perunggu cabang olahraga cabor tenis meja regu hilal sebut prestasi dua cabang olahraga sebut harum nama kemenimipas tingkat nasional hilal tekan hasil kemenimipas pornas xvii korpri lepas dukung penuh seluruh jajar beri motivasi perhati bina mental fisik sarana prasarana pegawai bidang olahraga itu hilal nyata sinergi internal turut jadi faktor kunci balik menang gemilang prestasi berkat dukung semua pihak mulai pimpin bapak menteri agus andrianto seluruh jajar pimpin tinggi madya seluruh jajar kantor wilayah sumatera selatan sangat solid beri dukung seluruh tim pornas imipas kata hilal
https://www.cnnindonesia.com/olahraga/20250508104709-178-1227137/resmi-indonesia-tuan-rumah-dua-piala-dunia-basket-fiba,Resmi: Indonesia Tuan Rumah Dua Piala Dunia Basket FIBA,indonesia resmi tunjuk federasi bola basket internasional fiba jadi tuan rumahpiala dunia basket fibauntuk kategori usia pertama fiba tunjuk indonesia jadi tuan rumah piala dunia basket wanita fiba u17 2028 dua percaya jadi tuan rumah piala dunia basket fiba u19 2029 tetap status tuan rumah laku fiba usai bendahara fiba ingo weiss chief operating officer coo fiba patrick mariller datang jakarta pekan advertisement scroll to continue with content kunjung sebut ingo patrick laku temu jumlah mang penting utama olahraga basket indonesia fiba indonesia hadir temu ketua umum dpp basi budisatrio djiwandono menpora dito ariotedjo anggota dewan sentral fiba erick thohir sekretaris jenderal koi wijaya noeradi umum piala dunia bola basket kembali datang indonesia piala dunia bola basket usia muda tentu jadi momen luar biasa kata ingo belum indonesia pernah jadi tuan jadi rumah piala dunia basket 2023 indonesia sukses jadi cohost fiba basketball world cup 2023 sama jepang filipina budi djiwandono nilai percaya fiba beri dampak jangka panjang kembang bola basket tanah air khusus level bina selain jadi tuan rumah piala dunia kategori usia itu indonesia akan selenggara fiba u16 womens asia cup 2027 fiba u18 asia cup 2028 tentu tambah semangat basi siap diri siap infrastruktur juga sdm kata budi lansir laman resmi basi cari bakatbakat atlet muda nanti kompetisi sebaikbaiknya acaraacara kompetisikompetisi internasional kata pria berlatarbelakang usaha sebut menpora garansi perintah akan dukung penuh selenggara juara dunia sebut dito selaras visi perintah maju olahraga industri kami akan pasti fasilitas infrastruktur sumber daya manusia siap dukung laksana event taraf dunia ujar dito rilis diterimacnnindonesiacom gambasvideo cnn
https://www.cnnindonesia.com/olahraga/20241125212405-178-1170551/timnas-basket-indonesia-dihajar-thailand-menpora-bantu-cari-diaspora,"Timnas Basket Indonesia Dihajar Thailand, Menpora Bantu Cari Diaspora",menporari dito ariotedjo sebut pihak bakal bantu cari atlet diaspora kuat timnas basket indonesia usai kalah thailand kualifikasi piala basket 2025 fokus hitung manfaat maksimal atlet nasional diaspora tidak naturalisasi sifat akuisisi bukan turun indonesia kata dito jakarta senin 2511 indonesia kalah 71112 thailand matchday window empat grup a babak kualifikasi fiba asia cup 2025 indonesia arena jakarta minggu 2411 advertisement scroll to continue with content kalah buat indonesia ada dasar klasemen empat poin sekalipun raih menang thailand posisi tiga enam angka korea selatan dua enam poin australia puncak klasemen delapan poin buat indonesia perlu baik ada dua laga akhir lawan australia korea selatan februari 2025 datang indonesia akan tandang australia 20 februari 2025 lanjut indonesia bakal tindak jadi tuan rumah lawan korea selatan 23 februari 2025 indonesia harus finis di peringkat tiga laju fase kualifikasi ikut peringkat pertama dua otomatis lolos putar final piala asia basket 2025 dito dapat thailand kuat beberapa main naturalisasi contoh negara tetangga seperti singapura filipina malaysia fokus cari diaspora thailand juga laku rupa main yang besar bigman thailand buat timnas indonesia sulit ujar dito gambasvideo cnn
https://www.cnnindonesia.com/olahraga/20260216225205-178-1328788/usa-stars-juara-nba-all-star-2026,USA Stars Juara NBA All Star 2026,tim usa stars juaranba all star 2026setelah kalah tim usa stripes skor 4721 laga final format baru us vs world intuit dome inglewood california amerika serikat senin 162 laga edisi ke75 nba allstar sebut hadir miniturnamen round robin tiga tim empat gim durasi masingmasing 12 menit format anyar temu tim asal amerika serikat usa stars usa stripes satu tim isi main internasional world partai puncak edwards tyrese maxey tampil efektif kombinasi 17 poin bawa usa stars jauh usa stripes seluruh atmosfer tanding nilai lebih kompetitif banding edisi belum intensitas tahan tonjol sejak gim pertama advertisement scroll to continue with content hasil resmi catat usa stars tunduk world 3735 gim pertama gim dua usa stripes kalah usa stars 4240 usa stripes kemudian pasti tiket final usai singkir world 4845 gim tiga final usa stars tampil dominan tutup turnamen menang telak 4721 sorot individu datang kawhi leonard cetak 31 poin 12 menit bantu usa stripes singkir world leonard masuk enam tujuh tembak tiga angka hanya gagal kali 13 coba kubu world victor wembanyama tampil impresif panjang gim mereka jalan main postur 224 cm buku 33 poin akurasi 10 13 tembak masuk empat lima tiga angka aktif dalam rebound blok peluang tembak jauh detik akhir semifinal lawan usa stripes gagal buah poin buat world singkir gambasvideo cnn
https://www.cnnindonesia.com/olahraga/20250107172638-178-1184677/ibl-2025-dimulai-perbasi-soroti-geliat-industri-basket-indonesia,"IBL 2025 Dimulai, Perbasi Soroti Geliat Industri Basket Indonesia",liga basket indonesia indonesian basketball league ibl 2025 segera mulai basi sorot geliat industri basket nasional ketua basi budisatrio djiwandono kata ibl kompetisi basket profesional indonesia jadi contoh turnamen kait upaya ibl fokus aspek kompetisi hibur kompetisi bola basket ibl juga harus jadi center of exellence ibl hitung hari musim baru selenggara bangga tunggu rakyat indonesia sangat damba kompetisi kata budisatrio jakarta selasa 712 advertisement scroll to continue with content ibl 2025 gulir sabtu 111 datang hingga juli 2025 musim jadi dua format home and away penuh 14 tim kompetisi masingmasing punya arena jadi markas total 182 tanding akan jalan ibl 2025 182 tanding tambah playoff mungkin lebih 200 bisa jadi ajang bina atlet bola basket level tinggi indonesia ujar budisatrio format kandang tandang tidak bisa mungkir ada tingkat biaya operasional karena ibl gandeng bagai sponsor topang uang turnamen sangat bahagia bangga atas kolaborasi ibl institusi perban bisa sekaligus hadir standar exellence dunia perban patut contoh masuk edukasi uang ucap budisatrio nada sampai direktur utama ibl junas miradiarsyah empat hari jelang tip off ibl 2025 nyata siap matang empat hari depan akan mulai kompetisi musim dua format home away liga akan mulai januari juli 182 tanding satu musim kata junas kemudian kami perlu syukur hari ini bukan tentang liga bola basket kami komitmen ibl niat jadi bola basket lebih besar bukan liga ekosistem tambah gambasvideo cnn
https://www.cnnindonesia.com/olahraga/20250629031852-178-1244770/sabonis-beri-coaching-clinic-di-junior-nba-clinic-singapura,Sabonis Beri Coaching Clinic di Junior NBA Clinic Singapura,bintangnbaasal sacramento kings domantas sabonis hadir beri latih langsung junior nba clinic gelar kallang tennis hub singapura 28 juni acara banyak 54 anak usia 10 hingga 12 tahun masuk anakanak butuh khusus sempat rasa latih basket main nba sempat langka jadi alam tak lupa para serta lihat antusias ikut bagai instruksi latih mulai dribble passing hingga teknik dasar tahan bimbing langsung main nba advertisement scroll to continue with content dulu milik sempat saya usia muda mungkin tapi saya usia 16 18 tahun saya harap dulu saya dapat sempat sama anakanak yang dapat latih main nba jadi sangat untung saya harap guna sempat bagai tambah motivasi ucap sabonis acara rupa bagi rangkai nba rising stars invitational turnamen antar ajar sma kawasan asiapasifik masuk indonesia program junior nba clinic rising stars invitational penting anakanak kompetisi anakanak usia program ini anakanak bisa tahu lemah kurang mereka ed winkle nba asia head of growth innovation
https://www.cnnindonesia.com/olahraga/20251207234019-163-1303905/lando-norris-juara-formula-1-2025,Lando Norris Juara Formula 1 2025,balap mclaren asal inggrislando norrisresmi jadi juara formula 1 f1 2025 usai finis tiga grand prix abu dhabi 2025 sirkuit yas marina minggu 712 podium cukup norris kunci gelar juara f1 2025 max verstappen jadi menang gp f1 abu dhabi tempat peringkat dua f1 2025 oscar piastri peringkat tiga klasemen akhir f1 2025 lando norris menang tipis atas max verstappen hanya unggul angka advertisement scroll to continue with content kualifikasi gp f1 abu dhabi 2025 norris tempat start dua belakang verstappen tetapi aksi berani tak kenal takut yas marina buat norris tempat posisi tiga podium cukup balap 26 tahun sebut segel juara sekaligus buat menang dramatis atas vertappen gelar juara dapat norris mclaren kali pertama kampiun akhir kali 2020 itu sama lewis hamilton norris jadi balap inggris ke11 juara formula 1 hamilton jenson button hingga damon hill gelar juara juga jadi nanti panjang lando norris harus tunggu hingga musim tujuh jadi juara sejak gabung mclaren balap f1 2019 capai baik norris belum jadi runner up f1 2024 hasil gp f1 abu dhabi 2025 1 max verstappen2 oscar piastri3 lando norris4 charles leclerc5 george russell6 fernando alonso7 esteban ocon8 lewis hamilton9 nico hulkenberg10 lance stroll gambasvideo cnn
https://www.cnnindonesia.com/olahraga/20251027055953-163-1288701/hasil-f1-gp-meksiko-norris-juara-hamilton-gagal-podium,"Hasil F1 GP Meksiko: Norris Juara, Hamilton Gagal Podium",balap mclaren formula 1 team lando norris keluar pemenangformula 1f1 grand prix meksiko 2025 senin 2710 dini hari wib lando norris tempat posisi pole langsung pimpin sejak start f1 gp meksiko langsung sirkuit autodromo hermanos rodriguez meksiko senin 2710 dini hari wib norris hasil pimpin lap pertama ikut balap ferarri charles leclerc posisi dua lewis hamilton urut tiga advertisement scroll to continue with content tiga posisi depan sebut terus tahan hingga pasuk lap ke10 telah hamilton kena penalti hingga buat keluar posisi tiga besar itu verstappen hasil merangsek posisi tiga hingga balap akhir posisi norris urut depan ubah norris keluar menang f1 gp meksiko ikut leclerc verstappen menang buat lando norris naik posisi satu klasemen balap f1 2025 geser oscar piastri kini norris pimpin klasemen toreh 357 poin ikut piastri 356 poin verstappen koleksi 321 poin usai balap norris nilai menang f1 gp meksiko 2025 jadi mudah dia pimpin sejak lap pertama balap luar biasa hanya tetap fokus tatap depan balap cukup mudah cari start bagus putar pertama bagus lalu laju sana kata norris kutip daricrash hanya tetap santai dapat start jauh lebih baik orangorang sekitar menang pertama saya di meksiko jadi terima kasih banyak ucap norris tambah itu lewis hamilton bakal kesal garagara gagal podium akibat kena penalti 10 detik hamilton akhir finis delap hamilton sali penalti 10 detik yang benarbenar hancur harap naik podium tulis crash 1 lando norris 137585742 charles leclerc 303243 max verstappen 310494 oliver bearman 409555 oscar piastri 420656 kim antonelli 478377 george russell 502878 lewis hamilton 564469 esteban ocon 7546410 gabriel bortoleto 76863 gambasvideo cnn
https://www.cnnindonesia.com/olahraga/20251020033607-163-1286245/hasil-f1-gp-amerika-serikat-max-verstappen-juara-norris-runner-up,"Hasil F1 GP Amerika Serikat: Max Verstappen Juara, Norris Runner Up",max verstappenmenjadi menang f1 gp amerika serikat langsung circuit of the americas austin texas senin 2010 dini hari waktu indonesia verstappen start posisi pertama awal lomba baik saat lampu hijau nyala kolektor juara dunia f1 laju jadi depan tikung pertama upa belok patah kiri jadi tantang sendiri para balap verstappen charles leclerc start posisi tiga salip lando norris start posisi dua advertisement scroll to continue with content verstappen laju kencang jauh kejarankejaran lawan kim antonielli libat insiden carlos sainz lap tujuh norris kemudian salip leclerc menit ke21 tepat jelang tikung ke12 norris kemudian masuk pit lap ke33 itu buat ada belakang leclerc duel norris vs leclerc jadi pandang tarik saat verstappen jauh pimpin norris kemudian tempat peringkat dua salip leclerc lap ke51 verstappen finis pertama ukir menang lima musim sementara norris aman posisi dua leclerc ada peringkat tiga lewis hamilton oscar piastri george russel tempat posisi enam besar belakang dapat yuk tsunoda niko hulkenberg oliver bearman fernando alonso huni 10 besar
https://www.cnnindonesia.com/olahraga/20250803224237-163-1258253/klasemen-f1-2025-panas-usai-norris-kalahkan-piastri-di-gp-hungaria,Klasemen F1 2025 Panas usai Norris Kalahkan Piastri di GP Hungaria,klasemen formula 1 f1 2025 makin panas setelahlando norriskalahkan rekan tim mclaren oscar piastri f1 gp hungaria 2025 minggu 38 balap langsung sirkuit hungaroring sempat pimpin charles leclerc mulai race pole sitter buntut piastri posisi dua situasi ubah lantar leclerc piastri guna strategi kali masuk pitstop norris laku satu pitstop fase akhir balap advertisement scroll to continue with content cepat leclerc mulai turun laplap akhir piastri terus upaya kejar norris ada posisi depan duel sengit balap mclaren jadi hingga lap akhir piastri bahkan nyaris senggol norris akhir sukses tang balap hasil buat saing klasemen f1 2025 makin panas piastri ada puncak koleksi 284 poin hanya jarak 9 angka norris tempel ketat posisi dua max verstappen red bull george russel mercedes charles leclerc ferrari lengkap posisi lima besar adapun mantan juara dunia f1 lewis hamilton kini bela ferrari puas huni peringkat enam klasemen f1 2025 1 oscar piastri 284 poin2 lando norris 2753 max verstappen 1874 george russel 1725 charles leclerc 1516 lewis hamilton 1097 kim antonelli 648 alex albon 549 nico hulkenberg 3710 esteban ocon 27 gambasvideo cnn
https://www.cnnindonesia.com/olahraga/20240902021607-163-1139957/leclerc-istimewa-juara-f1-gp-italia-2024-verstappen-keenam,"Leclerc Istimewa Juara F1 GP Italia 2024, Verstappen Keenam",charles leclercyang start posisi empat juara f1 gp italia sirkuit monza minggu 19 malam balap ferarri butuh waktu 1 jam 14 menit 40727 detik lahap 53 lap leclerc dahulu lando norris oscar piastri george russell start depan strategi jitu satu pit stop guna ban keras balap pasuk lap ke16 bawa balap asal monako raih juara seri dua tahun telah balap tanah lahir 26 mei advertisement scroll to continue with content hasil juara tahun sungguh istimewa kata leclerc lansir situs resmi formula 1 tuhan emosi beberapa lap akhir persis sama 2019 ujar bahas menang gp italia lima tahun lalu baru ulang sekarang leclerc finis depan piastri jarak 2664 detik norris rupa pole sitter peringkat tiga jarak 6153 detik carlos sainz jr lewis hamilton untun peringkat empat lima pimpin klasemen ini sekaligus juara tahan kuasa f1 max verstappen finis posisi enam kendati tidak pernah menang sejak f1 gp spanyol pada tengah juni posisi verstappen cukup jauh para balap balap oracle red bull racing ada puncak klasemen 303 poin di peringkat dua dapat norris kumpul 241 poin leclerc ada di peringkat tiga 217 poin unggul 20 poin di atas piastri ikut dapat sainz jr 184 poin susul hamilton 164 poin gambasvideo cnn
https://www.cnnindonesia.com/olahraga/20250621233955-163-1242363/formula-e-jakarta-2025-pertegas-komitmen-energi-berkelanjutan,Formula E Jakarta 2025 Pertegas Komitmen Energi Berkelanjutan,formula e jakarta 2025jadi momen tegas komitmen guna energi prinsip lanjut misi besar bawa lewat gelar formula e lomba mobil tenaga listrik cepat dunia tak sekadar adu cepat formula e populer energi baru hidup seharihari lalu ajang olahraga formula e bukan sekadar ajang balap ajang performa tinggi padu misi lanjut ujar chris poynter presiden divisi motion system drives abb konferensi pers jakarta sabtu 216 advertisement scroll to continue with content abb peran sedia alat isi baterai sistem gerak mobil formula e teknologi fast charging mungkin isi capai 10 persen waktu 30 detik baterai kapasitas 600 kwajang tampil bagaimana teknologi abb dapat manfaat capai efisiensi energi maksimal adalah bukti nyata inovasi industri implementasi luas ujarnyacnnindonesiacom sempat lihat langsung alat isi baterai mobil formula e wakil abb beri jelas willem pieterz kata alat sebut dibawabawa layak power bank telepon seluleralat charger bentuk kubus milik berat 325 kilogram empat roda mudah mobilitas satu alat pakai isi baterai mobil sekaligus waktu singkatkami laku kembang ikut mobil formula e sudah generasi tiga bisa mungkin buat alat paling efisien baik segi guna energi hingga bobot makin ringan ujar pieters bawa misi lanjut formula e jakarta 2025 manja nikmat motorsport indonesia ajang sukses gelar animo tinggipembalap tim kiro racing ticktum hasil tang balap formula e jakarta 2025 jakarta international eprix circuit ancol sabtu 216 ticktum adalah juara baru formula e jakarta belum mitch evans jadi kampiun 2022 lalu pascal wehrlein maximilian gunther juara balap usung format double header 2023
https://www.cnnindonesia.com/olahraga/20250601224002-163-1235333/oscar-piastri-menang-f1-gp-spanyol-verstappen-kena-penalti,"Oscar Piastri Menang F1 GP Spanyol, Verstappen Kena Penalti",balap mclarenoscar piastri tunjuk kualitas menang formula 1 f1 gp spanyol 2025 sirkuit catalunya minggu 16 balap sebut piastri kalah rekan tim lando norris buat mclaren raih podium 1 2 susul charles leclerc ferrari podium tiga piastri tahan posisi sejak start max verstappen salip norris tikung 1 saing sengit jadi lewis hamilton leclerc george russell mercedes advertisement scroll to continue with content lap ke22 23 f1 gp spanyol duel verstappen norris tetap jalan ketat balap asal belanda sebut lihat kurang puas cengkeram ban mobil kecewa verstappen ban lihat tiga laku pitstop empat saing balap mclaren tiga kali pitsop verstappen kemudian alami slip tikung akhir insiden buat leclerc salip dua balap saing trek lurus tikung 1 russell salip sisi sedang verstappen ambil jalan pintas tetapi teknisi red bull minta verstappen beri jalan russell tikung 4 minta beri posisi empat russell verstappen lihat lambat juara tahan formula 1 tabrak russell hingga keluar jalur tabrak sebut selidik steward verstappen akhir jatuh penalti 10 detik buat turun posisi ke10 hasil f1 gp spanyol 2025 1 oscar piastri2 lando norris3 charles leclerc4 george russell5 nico hulkenberg6 lewis hamilton7 isack hadjar8 pierre gasly9 fernando alonso10 max verstappen gambasvideo cnn
https://www.cnnindonesia.com/olahraga/20250503081220-163-1225245/gp-miami-kimi-antonelli-jadi-peraih-pole-termuda-di-f1,GP Miami: Kimi Antonelli Jadi Peraih Pole Termuda di F1,balap rookie asal italiaandrea kim antonelli jadi raih pole muda formula one f1 format apa telah jadi balap cepat kualifikasi sprint racef1 gp miamidi miami international autodrome florida jumat 25 balap mercedes usia 18 tahun catat waktu baik 1 menit 26482 detik antonelli unggul balap mclaren sedang pimpin klasemen oscar piastri selisih 0045 detik lando norris mclaren jadi cepat tiga juara tahan f1 max verstappen lengkap baris dua balap sprint advertisement scroll to continue with content jujur tidak sangka jadi pikir putar bagus senang hasil masih beberapa bagi harus bisa tampil lebih cepat saya rasa sangat senang cara saya satu semua sektor ucap antonelli ganti lewis hamilton mercedes raih pole muda belum sebastian vettel usia 21 tahun 73 hari vettel rebut pole pada gp italia 2008 sama toro rosso bos mercedes toto wolff puji tampil antonelli meski raih pole sprint race wolff kata antonelli bukti mampu gambasinstagram penting lintas bukan apakah pole sprint pole grand prix masa datang antonelli laku dia cepat kata wolff kutip darireuters rekan tim antonelli di mercedes george russell start posisi lima duo ferrari charles leclerc lewis hamilton akan start p6 p7 gambasvideo cnn
https://www.cnnindonesia.com/olahraga/20250323163219-163-1212115/hasil-f1-gp-china-2025-tampil-dominan-piastri-kalahkan-norris,"Hasil F1 GP China 2025: Tampil Dominan, Piastri Kalahkan Norris",oscar piastri hasil jadi juara f1 gp china 2025 usai kalah lando norris sirkuit internasional shanghai minggu 233 piastri tampil dominan hasil tahan posisi pole position hingga akhir balap sukses buku waktu cepat 1 jam 30 menit 55026 detik balap asal australia mampu unggul rekan tim mclaren sekaligus puncak klasemen f1 2025 lando norris advertisement scroll to continue with content george russell puas tempat urut tiga lengkap podium mercedes max verstappen sempat bangkit start buruk finis posisi empat charles leclerc finis hasil segel posisi lima meski sempat alami rusa sayap depan kontak rekan tim lewis hamilton lap pertama adapun hamilton ada urut empat tahap awal jadi satusatunya balap posisi depan coba strategi pit stop tetapi strategi tak hasil ia pulang urut enam esteban ocon mampu klaim posisi tujuh brilian haas ada depan kim antonelli mercedes alex albon hasil dulang poin williams posisi sembilan datang baru f1 ollie bearman tampil gemilang raih poin selesai 10 besar fernando alonso aston martin satusatunya balap gagal finis f1 gp china 2025 alami masalah rem awal 1 oscar piastri 1 jam 30 menit 55026 detik2 lando norris 9748s3 george russell 11097s4 max verstappen 16656s5 charles leclerc 23211s6 lewis hamilton 25381s7 esteban ocon 49969s8 kim antonelli 53748s9 alex albon 56321s10 oliver bearman 61303s gambasvideo cnn
https://www.cnnindonesia.com/olahraga/20241124155457-163-1170107/george-russel-menang-di-las-vegas-max-verstappen-juara-f1,"George Russel Menang di Las Vegas, Max Verstappen Juara F1",max verstappenhanya tempat peringkat lima balap f1 gp las vegas 2024 tambah 10 poin pasti sabet gelar juara f1 2024 verstappen raih gelar juara f1 kali empat untun finis tepat ada belakang saing dekat lando norris butuh unggul tiga poin balap las vegas atas verstappen jaga kans jadi juara musim norris bisa tempat peringkat enam alhasil verstappen pasti titel juara advertisement scroll to continue with content andal tim red bull racing jadi balap enam sejarah f1 raih gelar empat sekaligus sama deret balap legendaris sebastian vettel alain prost sukses verstappen jadi juara f1 las vegas sisih cerita soal dominasi russell posisi dua dapat lewis hamilton buat mercedes aman posisi pertama dua buah balap kali pertama gp sao paulo 2022 tempat tiga empat huni balap ferrari carlos sainz jr ikut charles leclerc belakang verstappen norris dapat oscar piastri nico hulkenberg yuk tsunoda sergio perez balap f1 musim masih sisa seri yakni di qatar abu dhabi akan gelar 1 8 desember kini verstappen duduk puncak klasemen 403 poin norris di peringkat dua 340 poin gambasvideo cnn
https://www.cnnindonesia.com/olahraga/20260303142129-156-1333823/2-bintang-motogp-mulai-bikin-ketupat-jelang-lebaran,2 Bintang MotoGP 'Mulai' Bikin Ketupat Jelang Lebaran,balap tim honda hrc castrolmotogpluca marini joan mir jajal alam coba buat ketupat janur kelapa momen spesial ada bal indonesia momen bulan suci ramadhan jelang idul fitri giat sebut lihat unggah akun instagram astra honda racing team selasa 33 dah mulai bikin ketupat buat lebaran gaess kalau gak minta ajarin joan mir luca marini tuh tulis astra honda racing team captionnya advertisement scroll to continue with content video bagi marini mir tampak serius ikut instruksi orang ibuibu anyam janur jadi bentuk ketupat meski bukan biasa laku dua balap lihat antusias beberapa kali coba bentuk anyam hatihati hasil rapi sekal dua senyum alami sulit tarik giat marini mir kena pakai khas bal gambasinstagram giat jadi bagi upaya honda dalam kenal budaya lokal para balap motogp bela tim video sebut dapat reaksi para gemar banyak apresiasi upaya marini mir kenal budaya indonesia masuk tradisi buat ketupat yang identik raya lebaran ikut lebaran indonesia kata netizen lain mantap ujar orang netizen gambasvideo cnn
https://www.cnnindonesia.com/olahraga/20260302155648-156-1333463/bagnaia-stres-ducati-cuma-bisa-menang-di-lomba-tuk-tuk-motogp-thailand,Bagnaia Stres Ducati Cuma Bisa Menang di Lomba Tuk-Tuk MotoGP Thailand,francescobagnaiaterkejut performa pembalappembalap tim rival balapanmotogpthailand 2026 ducati bicara banyak seri buka motogp 2026 marc marquez jadi runner up balap sprint race satu balap ducati tembus podium full race marco bezzecchi jadi jago aprilia jadi juara motogp thailand 2026 ikut pedro acosta raul fernandez advertisement scroll to continue with content bagnaia ada peringkat sembilan hasil baik tim pabrikan ducati lantar marc marquez gagal finis bagnaia sorot mampu timtim tingkat daya saing motormotor motogp 2026 mau tekan maju buat kompetitor timtim kembang alami sedikit mundur jadi harus paham apa jadi performa aprilia lama akhir pekan benarbenar luar biasa aprilia laku kerja bagus sekali bezzecchi sangat kuat sesi latih begitu ai ogura dia salip langsung jauh tutur bagnaia lansir darimotosan juara dunia motogp 2022 2023 tak sangka ducati kalah telak tim sesi tes motor desmosedici gp26 tunjuk performa apik tes bisa bilang mungkin raih hasil jelek begitu cepat cepat mantap bahkan saat guna ban bagus kemudian akhir pekan sadar ada beda dan tidak bisa adaptasi terang bagnaia bagnaia coba sportif tanggap menang bezzecchi sudah balap unggul lebih 55 detik balap dua tentu senang atas apa raih bezzecchi sangat sayang kemarin bezzecchi jatuh karena dia bisa raih gelar buat salah itu jadi saya tidak bisa bicara apa tidak kami bisa kalah tuktuk kata bagnaia singgung balap angkut motor khas thailand dalam buah sesi hibur di atas sirkuit buriram balap soal faktor teknis bagnaia juga aku faktor panas thailand jadi kendala buat sulit saing gambasvideo cnn
https://www.cnnindonesia.com/olahraga/20260303104217-156-1333711/cerita-haru-martin-sempat-tak-bisa-makan-hingga-menggila-di-thailand,Cerita Haru Martin: Sempat Tak Bisa Makan hingga Menggila di Thailand,balap aprilia racing jorge martin aku senang tampil baik seri pertamamotogp 2026di thailand dua bulan lalu alami cedera hingga sulit makan martin hasil finis empat balap motogp thailand 2026 gelar minggu 13 hasil sebut buat puas ingat kondisi fisik sempat turun drastis dua bulan akhir balap sangat bagus senang bangga siap musim dingin dua bulan lalu bahkan makan sekarang sini ada posisi ke4 di juara jadi gila luar biasa kata martin motogpcom kutip daricrash advertisement scroll to continue with content nilai kerja keras sama tim buah hasil positif awal musim rasa telah laku kerja baik aprilia laku kerja luar biasa datang tes pikir sangat buka coba adaptasi motor itu buah hasil ucap martin tambah balap sebut martin jalan tarung sengit rebut posisi tiga lawan pedro acosta marc marquez hari buat langkah besar lain gaya kendara tentu hilang sedikit waktu tarung marc pedro saya sangat nikmat kata martin tidak saya rasa saya bisa naik podium dekat raul ini balap saya perlu sedikit tingkat kualifikasi cepat saya untuk bisa saing dengan mereka ujar martin tambah gambasvideo cnn
https://www.cnnindonesia.com/olahraga/20260303152844-156-1333871/sebutan-motogp-untuk-veda-ega-sensasi-dan-bintang-pendatang-baru,Sebutan MotoGP untuk Veda Ega: Sensasi dan Bintang Pendatang Baru,situsmotogpmenyematkan agam katakata puji untukvedaegapratamasetelah debut dimoto3thailand 2026 akhir pekan lalu veda sedot perhati lantar saing rebut posisi tiga besar meski lempar peringkat lima veda tetap undang decak kagum berita hasil balap tang david almansa motogp sebut veda sebut rookie sensation ulas aksi balap 17 tahun sebut buah lap advertisement scroll to continue with content dapat sensasi datang baru veda pratama honda team asia balap argentina valentin perrone selisih satu detik antara enam balap depan tulis buah berita situs motogp ulas balap motogp bahas soal saing kualifikasi moto3 lead sebut veda penuh impresi lantar tempat posisi start lima balap pertama tahun ini bukan saja motogp sebut balap asal gunungkidul dengan kata puji sementara posisi lima raih debut pukau balap indonesia veda pratama honda team asia sempat pimpin q2 belum tulis motogp berita soal hari pertama laksana rangkai moto3 motogp puji performa balap pernah jadi juara asia talent cup tampil tonjol juga tunjuk balap honda finis atas datang baru kelas jesus rios rivacold snipers team sama bintang datang baru veda pratama honda team asia dua finis posisi tujuh delap sesi practice tulis motogp hasil kejut positif seri pertama moto3 2026 veda hadap tantang seri dua akan langsung brasil 22 maret gambasvideo cnn
https://www.cnnindonesia.com/olahraga/20260303193417-156-1333957/joan-mir-dan-luca-marini-nikmati-liburan-bareng-bikers-honda-di-bali,Joan Mir dan Luca Marini Nikmati Liburan Bareng Bikers Honda di Bali,balap honda hrc castroljoan mirdanluca marini habis waktu libur bal usai aspal dimotogp thailand 2026 mir marini habis waktu bal sapa langsung komunitas sepeda motor honda interaksi langsung masyarakat aktivitas lama 23 maret 2026 makin seru hadir balap astra honda racing team ahrt tani joan mir luca marini hadap putar dua grand prix gp brasil 15 maret advertisement scroll to continue with content hari pertama pulau dewata senin 23 dua balap asal spanyol italia sempat baur masyarakat ajar budaya seni tari khas bal tari kecak sama 30 tari kecak dua nikmat momen interaktif ria kata cak iring gamelan khas bal giat jadi momen intim balap honda hrc castrol sama masyarakat seni bal raih juara dunia gp tahun 2020 joan mir nyata antusias ajar tari kolosal khas bal saya sangat nikmat momen sini tengah jalan motogp saya sangat suka budaya tari tarik orangorangnya baik kata joan mir rilis terima cnnindonesia selasa 33keseruan lanjut hari dua lalu aktivitas tak kalah tarik jelang raya nyepi masyarakat bal mulai produksi patung raksasa ogohogoh siap pamer raya momen manfaat joan luca damping pebalappebalap ahrt herjun atna firdaus m adenanta putra fadil arbi aditama rheza danica ahrens m badly ayatullah lihat langsung buat ogohogoh salah satu wilayah laku seni baik banjar kaja set joan mir luca marini buat kesima detail ukur atas karya ogohogoh banjar kaja set sempat joan luca turut bantu seniman sempurna ogohogoh sedang buat selasela aktivitas kunjung bal pebalappebalap ahrt sempat diri serah paket sembako masyarakat sedang laksana ramadan wilayah kampung jawa momen sama bal lanjut interaksi langsung 100 bikers honda asal honda community bal milik nomor motor 10 motogp luca marini nikmat seru aktivitas hari dua fantastis tradisi mereka milik bal mereka jelas detail atas karya mereka buat tambah seru para bikers terima kasih jamu luar biasa ujar marini marketing direktur pt astra honda motor ahm octavianus dwi kata hadir balap honda hrc castrol bal jalan dengan semangat sama jaga langsung budaya maupun erat saudara sama bikers honda hadir balap honda hrc castrol interaksi langsung dengan bikers honda gambar buah harmoni kompak sama seni tari kecak harap ini jadi koneksi kuat obar semangat wujud mimpi prestasi bagai level kompetisi ujar octa gambasvideo cnn
https://www.cnnindonesia.com/olahraga/20260304162633-156-1334328/kata-kata-marc-marquez-usai-masuk-nominasi-atlet-terbaik-dunia,Kata-kata Marc Marquez usai Masuk Nominasi Atlet Terbaik Dunia,juaramotogpbertahan marc marquez barubaru nominasi raih harga laureus world sportsman of the year 2026 jadi nominasi enam ajang gengsi sebut marquez rasa sangat hormat masuk daftar nominasi sama atlet hebat lain carlos alcaraz tenis ousmane dembele sepak bola mondo duplantis atletik tadej pogacar balap sepeda jannik sinner tenis sangat senang rasa sensasi sama terima nominasi pertama 12 tahun lalu kata marquez kutip daricrash advertisement scroll to continue with content kualitas nominasi tunjuk betapa istimewa harga senang masuk daftar nominasi antara tokoh gengsi sebut kata marquez marquez saat masih jadi balap papan atas motogp belum menang harga laureus breakthrough of the year 2013 marquez telah beberapa kali nominasi harga world sportsman of the year 2015 2020 tak itu juga pernah masuk nominasi comeback of the year 2022 2025 jalan marquez tuju nominasi kali penuh tantang alami cedera parah hadap motor tidak kompetitif marquez hasil puncak pecah rekor paceklik gelar motogp lama lima tahun musim debut sama tim pabrikan ducati tahun ini senang sekaligus penuh tantang saya sudah lama tunggu kembali ke puncak dan musim lalu butuh usaha luar biasa menang gelar kata marquez ungkap betapa besar juang raih sukses musim 2025 gambasvideo cnn
https://www.cnnindonesia.com/olahraga/20260305113615-156-1334601/dorna-ragu-motogp-qatar-digelar-sesuai-rencana-karena-perang,Dorna Ragu MotoGP Qatar Digelar Sesuai Rencana karena Perang,dorna sports mulai ragu menggelarmotogp qatar2026 sesuai rencana akibat konflik timur tengah panas motogp qatar sirkuit lusail rupa seri empat musim sejati gelar 1012 april datang brasil amerika serikat as perang iran asisrael mulai sasar jumlah negara teluk situasi timur tengah masih amat motogp advertisement scroll to continue with content kutip daricrash carmelo ezpeleta rupa ceo dorna sekaligus ceo motogp sports entertainment aku sulit gelar motogp qatar situasi ini mungkin ganti tanggal jangan khawatir selalu milik rencana b kata ezpeleta madrid harus tunggu kata sekarang pergi telah bicara qatar sejak hari minggu akan buat putus mungkin kecil kita akan pergi qatar 12 april saya bisa kata kita akan pergi ucap ezpeleta tambah meski ezpeleta pasti ada sirkuit ganti motogp qatar bisa gelar ubah tanggal anggap lebih mungkin banding ubah lokasi pergi tempat tentu tidak apakah akan sesuai jadwal sangat pandai buat jadwal akan segera tahu tentu saja kami tunggu beri tahu kami sesuatu masih ada waktu tutur ezpeleta gambasvideo cnn
https://www.cnnindonesia.com/olahraga/20260308125110-156-1335596/zarco-prediksi-motogp-2026-bezzecchi-kuat-marquez-bakal-juara,"Zarco Prediksi MotoGP 2026: Bezzecchi Kuat, Marquez Bakal Juara",balap lcr hondajohann zarco coba beri pandang soal calon juara motogp 2026 jago nama marco bezzecchi danmarc marquezsetelah lewat motogp thailand motogp thailand 2026 langsung sirkuit buriram akhir pekan lalu balap arilia marco bezzecchi jadi menang bezzecchi tampil impresif lama balap buka masuk sejak sesi free practice 1 fp1 latih bebas pertama advertisement scroll to continue with content marc marquez kalah kejut juara tahan motogp nyaris menang sprint race muncul penalti kontroversial lap akhir nahas marquez balap milik masalah ban belakang buat gagal finis meski hasil balap pertama cukup balap senior johann zarco milik gambar peta saing juara motogp 2026 lihat marco bezzecchi sangat kuat mulai posisi finis pasti juang juara dunia yakin marc milik unggul jauh lebih besar ujar zarco kutip motosan meski balap asal prancis milik syarat marquez tahan gelar juara motogp sama ducati marquez anggap milik titik lemah soal bugar masuk rentan cedera pernah operasi lengan kanan usai celaka horor spanyol 2020 musim lalu jadi ingat celaka motogp mandalika 2025 marquez absen hingga akhir musim saya marc jadi juara dunia jika dia kejut dengan masalah bahu hal itu jadi tarung alex marquez bezzecchi ucap zarco mata zarco balap gresini racing alex marquez potensi beri kejut musim seperti yang jadi motogp 2025 pecco bagnaia pasti akan ada sana jika bicara kejut saya akan sebut lain pecco tidak anggap kejut alex marquez bisa tutur zarco gambasvideo cnn
https://www.cnnindonesia.com/olahraga/20260308153259-156-1335625/marquez-saya-membalap-bukan-untuk-kalahkan-rossi,Marquez: Saya Membalap Bukan untuk Kalahkan Rossi,balap ducatimarc marquez kata ingin balap motogp bukan kalah rekorvalentino rossi marc marquez ambang kalah rekor valentino rossi juara motogp 2025 gelar marquez sama rekor gelar juara dunia rossi 9 kali juara dunia apabila menang motogp 2026 the baby alien bakal lewat rekor rossi 10 kali jadi juara dunia balap motor advertisement scroll to continue with content meski marquez belakang rossi legenda motogp giacomo agostini hal menang balap rossi milik catat 115 menang agostini 122 menang semua kelas marquez koleksi 99 menang usai akhir kali menang motogp jepang 2025 wawancara gazzetta dello sport marquez kata balap bukan saing rekor rossi agostini tidak pernah turun lintas pikir bisa tanding satu balap kata marquez kutip motosan tuju selalu menang bersenangsenang beri baik ucap rossi tambah kembali temu motivasi balap usai periode buruk honda lepas cedera parah marquez aku ubah pandang soal saing motogp belum hanya fokus hasil sekarang evaluasi langkah maju tarung lintas ingin terus kembang balap bagai pribadi laku cara buat bahagia singkat ingin terus kompetisi di level tinggi laku cara yang muas tutur marquez gambasvideo cnn
https://www.cnnindonesia.com/olahraga/20260308173833-156-1335648/bagnaia-peringatkan-liberty-jangan-ubah-dna-motogp,Bagnaia Peringatkan Liberty: Jangan Ubah DNA MotoGP,balap ducatifrancesco bagnaia beri ingat liberty media akuisisi mayoritas saham dorna sports kini ganti nama jadimotogpsports entertainment group akuisisi liberty media dorna rupa operator motogp pengambilalihan buat liberty milik kendali hal komersial motogp kutip darispeedweek liberty beri dampak besar formula 1 f1 sejak 2017 balap jet darat saji lebih efektif produk hibur banyak acara besar keliling balap f1 fokus alam gemar ubah banyak wajah f1 akhir pekan advertisement scroll to continue with content halhal sebut muncul khawatir bagnaia juara dunia motogp kali sebut liberty media milik potensi buat seri jadi lebih besar pecco ingat kalau inti olahraga motogp boleh hilang hasil revolusi formula 1 harap juga laku kerja hebat sini kata bagnaia motogp lebih otentik operasi level tinggi rupa olahraga pacu adrenalin olahraga dapat akses semua orang saya itu dna harus ubah ujar bagnaia lanjut turut bagnaia seru balap masuk saing lintas lebih butuh ketimbang festival riah mata bagnaia balap motogp lebih bagus ketimbang balap f1 akhir pekan formula 1 buah festival balap sendiri hampir bagai lengkap hasil cipta pesta besar sekitar balap sisi ini utama balap balap kami lebih baik lebih spektakuler ucap bagnaia salah satu dampak asa hadir liberty motogp ubah sirkuit venue motogp australia phillip island adelaide laku 2027 datang gambasvideo cnn
https://www.cnnindonesia.com/olahraga/20260308041306-142-1335478/lolos-perempat-final-piala-fa-arsenal-jaga-peluang-quadruple,"Lolos Perempat Final Piala FA, Arsenal Jaga Peluang Quadruple",arsenalberhasil lang babak empat final piala fa demikian the gunners jaga peluang raih empat gelar alias quadruple the gunners mampu laju babak delapan besar sudah lawan mansfield town rupa tim league one arsenal kerja keras akhir menang skor tipis 21 maju babak empat final arsenal otomatis jaga peluang raih empat gelar musim catat jelas spektakuler kai havertz kawankawan advertisement scroll to continue with content pasuk bulan maret arsenal memang terus uji mampu menang banyak gelar musim yang paling krusial ajang piala liga butuh satu laga angkat trofi arsenal hadap manchester city laga final piala liga 22 maret datang laga bakal benarbenar jadi buka keran gelar arsenal musim namun itu arsenal tarung lawan bayer leverkusen babak 16 besar liga champions leg lawan leverkusen gelar 11 17 maret laga sebut jelas krusial the gunners tampil solid untuk bisa lolos empat final liga champions tengah upaya tahan liga champions rebut gelar piala liga arsenal tetap harus juang tahan posisi puncak klasemen liga inggris arsenal hadap everton ajang liga inggris di selasela siap mereka tarung lawan leverkusen manchester city di liga inggris arsenal ini unggul tujuh angka atas man city gambasvideo cnn
https://www.cnnindonesia.com/olahraga/20260307163029-142-1335427/isyaratkan-bertahan-di-man-city-guardiola-ancam-tim-tim-liga-inggris,"Isyaratkan Bertahan di Man City, Guardiola Ancam Tim-tim Liga Inggris",pep guardiolamemberi isyarat ia mungkin tetap tahan pelatihmanchester citypada musim depan latih asal spanyol bahkan ingat rivalrival liga inggris tim potensi tampil jauh lebih kuat musim ikut guardiola ikat kontrak etihad hingga 2027 meski sempat muncul spekulasi ia tinggal klub akhir musim telah 10 tahun sama manchester city advertisement scroll to continue with content tahun akhir manchester city jalan jumlah ubah skuad meski sedang proses manchester city tetap ada tengah saing rebut gelar masih juang raih trofi champions league fa cup efl cup guardiola nilai tim capai bentuk baik bukan tim lengkap saing tahu jadi tim solid kata guardiola kutip dariespn nyata sedang proses laku banyak ubah ajar lebih cepat tetap ada hilang tahu kita bisa bulan akhir peluang ada cukup yakin musim depan lebih baik musim depan lebih baik ragu ucap guardiola tambah akhir pekan manchester city hadap newcastle united ajang fa cup st james park laga sebut jadi temu lima dua tim panjang musim ini telah tanding itu guardiola milik waktu tiga hari siap tim hadap leg pertama babak 16 besar liga champions lawan real madrid stadion santiago bernabeu itu tanding real madrid lawan celta vigo harus gelar akhir pekan lalu maju jadi jumat malam klub spanyol sebut dapat tambah waktu pulih 24 jam guardiola aku tidak harap klubklub inggris dapat bantu jadwal tanding main kompetisi eropa timtim inggris penting piala carabao apa jadi di sana banding tanding liga champions kata guardiola itu jadi sejak hari pertama jadi tidak heran jadwal stasiun televisi putus mereka bilang kami bayar banyak uang oke bagus sekali saya dapat banyak uang terima kasih banyak sangat baik jadi begitu ucap guardiola gambasvideo cnn
https://www.cnnindonesia.com/olahraga/20260308184334-142-1335663/viral-wasit-fifa-thoriq-diserang-usai-laga-malut-united-vs-psm,Viral Wasit FIFA Thoriq Diserang usai Laga Malut United vs PSM,insiden wasit indonesia lisensi fifathoriq alkatiri serang oknum suporter usai laga malut united vs psm makassar sabtu 73 viral jagat maya thoriq pimpin laga malut united vs psm jadi korban pukul oknum suporter tak puas pimpin sang dil stadion kie raha ternate video singkat edar media sosial insiden sebut jadi lepas tanding malut united vs psm akhir imbang 33 advertisement scroll to continue with content thoriq kawal steward tim aman tanding tuju ruang wasit dapat intimidasi oknum suporter salah satu gemar pukul bahu thoriq guna jaket beberapa fans lain coba jangkau thoriq dapat lerai steward tugas kesal suporter malut united duga muara putus thoriq tidak kesah gol malut united injury time cetak david da silva putus sebut ambil thorik tinjau var sang wasit nilai langgar jadi david cetak gol sebut cnnindonesia coba konfirmasi thoriq via pesan singkat sang adil tak sedia beri komentar di luar wenang itu laga sebut warna intimidasi jurnalis terang satu wartawan indonesia pwi kota ternate oknum tim ofisial malut united paksa beberapa wartawan hapus video kait insiden intimidasi wasit gambasvideo cnn
https://www.cnnindonesia.com/olahraga/20260308162840-142-1335637/pengamat-keputusan-cas-untuk-pemain-naturalisasi-malaysia-aneh,Pengamat: Keputusan CAS untuk Pemain Naturalisasi Malaysia Aneh,amat sepak bola malaysia zhafri aminurashid sebut putus adil arbitrase olahraga cas tujuh pemainmalaysiaterlihat aneh keras ungkap zhafri mebandingkan putus cas main malaysia kasuskasus belum putus cas tetap sanksi fifa tujuh main naturalisasi malaysia hukum larang tampil tanding resmi lama 12 tahun meski dapat ringan kalau main latih sama klub advertisement scroll to continue with content aneh rasa zhafri hukum tetap beri tujuh main meski asosiasi sepak bola malaysia fam aku tanggung jawab skandal itu turut lapor bharian panjang proses banding fam sikeras terima tanggung jawab atas lemah awas jadi ujar zhafri aneh kasus cas masih jatuh hukum berat main meski fam aku salah pihak mereka akan tarik kita ajar dasardasar putus kasus nanti kata zhafri tambah zhafri kata tinjau jumlah kasus nyaris rupa soal langgar dokumen dapat kewarganegaraan salah satu sebut zhafri kasus cas 2016a4831 meski temu guna dokumen lahir sah para main hukum 10 tanding internasional masih main klub masingmasing fifa timbang peran jabat federal anggap milik pengaruh besar proses daftar main kurang tingkat langgar kena para main tutur zhafri kasus dua libat main argentina javier eduardo portillo hukum beri batas tampil wakil tim nasional banding hukum jangka panjang kasus tiga libat main qatar pedro miguel tarik ada sanksi miguel lalu tinjau fifa proses kait di cas tidak ada sanksi olahraga jatuh main sebut masalah layak lebih pandang masalah administratif banding kasuskasus belum tunjuk cas sering beda salah administratif unsurunsur curang laku sengaja main ucap zhafri gambasvideo cnn
https://www.cnnindonesia.com/olahraga/20260308155525-142-1335630/guardiola-usai-dihukum-2-pertandingan-saya-mau-liburan,Guardiola usai Dihukum 2 Pertandingan: Saya Mau Liburan,pep guardiolamengatakan pilih libur hukum larang mendampingimanchester citydalam tanding usai terima kartu kuning lawan newcastle united babak 16 besar piala fa man city menang 31 atas newcastle babak 16 besar piala fa stadion st james park minggu 83 dini hari wib golgol menang the citizens cetak savinho gol omar marmoush newcastle gagal tahan unggul lewat gol harvey barnes advertisement scroll to continue with content lolos man city babak empat final fa cup sempat warna kartu kuning terima pep guardiola menit ke54 kartu kuning dapat guardiola protes keras jeremy doku beri langgar penalti jatuh kieran trippier jeremy doku giring bola lewat trippier pergi sendiri kotak penalti tarik belakang minta kartu kuning tolong langgar kata guardiola kutip mirror kartu kuning st james park jadi enam dapat guardiola musim rekor guardiola dapat hukum larang damping man city tanding depan dua tanding lewat guardiola matchday ke30 premier league lawan west ham united leg pertama babak empat final piala fa pekan pertama april datang kami milik rekor latih dengan kartu kuning banyak selalu ingin rekor sekarang milik ini larang dua tanding dan saya akan pergi libur tutur guardiola tuhan tuhan halhal bahkan 10 tahun saya tidak erti gambasvideo cnn
https://www.cnnindonesia.com/olahraga/20260308120616-142-1335577/5-fakta-jelang-duel-milan-vs-inter-di-liga-italia,5 Fakta Jelang Duel Milan vs Inter di Liga Italia,ac milanakan menghadapiinter milandalam laga liga italia minggu 83 ikut fakta tarik jelang laga sebut inter pimpin klasemen liga italia koleksi 67 poin nerazzurri unggul 10 angka atas rossoneri rupa rival utama buru gelar musim gambar derby mil bisa bilang tentu dua tim mil bisa harap raih scudetto bila mampu kalah inter inter bakal makin jago juara serie a bisa kalah mil advertisement scroll to continue with content ikut fakta tarik jelang duel sebut 1 sejak musim 20242025 ac mil kalah dalam duel lawan inter mil total enam laga langsung antara dua tim seluruh kompetisi rincian tiga menang mil tiga laga lain akhir imbang 2 temu pertama musim mil menang 10 atas inter gol christian pulisic jadi gol tunggal laga sebut 3 akhir kali inter kalah mil jadi musim 20232024 itu inter laku sapu bersih menang 51 temu pertama unggul 21 temu dua 4 inter mil raih delapan menang untun serie a musim sedang mil toreh lima menang hasil imbang satu kalah 5 inter mil tim dengan gol set piece banyak serie a jauh ini inter toreh 21 gol lewat skema bola mati gambasvideo cnn
https://www.cnnindonesia.com/olahraga/20260308131748-142-1335601/lille-vs-lorient-calvin-verdonk-dkk-tatap-liga-champions,Lille vs Lorient: Calvin Verdonk dkk Tatap Liga Champions,tarung losc lille vs fc lorient tanding liga prancis minggu 83 jadi kans bagicalvin verdonkdan kawankawan menatapliga championsmusim depan duel lille vs lorient tanding pekan ke25 ligue 1 langsung stadion pierremuaroy pukul 2315 wib tanding jadi momentum lille tembus zona liga champions lille huni peringkat enam klasemen liga prancis advertisement scroll to continue with content klub juluk les dogues koleksi 40 tinggal lima angka belakang olympique lyon ada posisi empat klasemen batas kualifikasi liga champions apabila menang atas lorient lille bakal gusur as monaco peringkat empat klasemen ligue 1 kans lille liga champions bakal makin buka lyon gagal dapat poin bentrok paris fc pekan panjang musim lille pernah tempat peringkat tiga runner up klasemen liga prancis tidak tahan lama lihat rapor beberapa tanding akhir tim asuh bruno genesio ini punya kans menang lille raih menang laga akhir ligue 1 tidak kalah lima laga belakang rapor cukup beri motivasi calvin verdonk cs raih menang tiga berturutturut verdonk jadi starter dua tanding akhir peluang andal bruno genesio bek kiri lille hadap lorient dalam dua laga akhir verdonk bantu lille menang atas angers nantes gambasvideo cnn
https://www.cnnindonesia.com/olahraga/20260308115518-142-1335574/mazraoui-ungkap-kunci-tetap-fit-di-mu-saat-puasa,Mazraoui Ungkap Kunci Tetap Fit di MU saat Puasa,bek kanannoussair mazraouimengungkapkan kunci tetap fit bersamamanchester unitedselama jalan puasa ramadan puasa kali jadi dua mazraoui lama jadi main man united main 28 tahun sebut rasa suasana beda ramadan tahun belum tahun matahari benam sangat awal jadi rasa akan terlalu sulit akan sangat nikmat bulan kata mazraoui kutip situs mu advertisement scroll to continue with content main muslim mazraoui jalan sesi latih tanding beda dengan main karena tahan lapar haus lama siap meski alam puasa sejak kecil latih sepak bola sejak usia muda buat mantan main ajax amsterdam biasa rasa karena alam sudah laku cukup lama panjang karier saya sejak usia muda jadi tahu bagaimana cara makan dapat performa maksimal panjang hari tutur mazraoui sangat penting isi energi saatsaat bisa makan beri performa baik saatsaat puasa mazraoui kata kurma jadi makan camil buka puasa alihalih pikir rasa haus lapar tanding main asal maroko pilih fokus tanding biasa isi energi tanding makan tanding usaha tetap hidrasi tanding salah satu yang laku sekarang jadi saja bagi itu sangat beda ujar mazraoui di sisi saya pikir milik lebih banyak waktu lebih fokus jadi alihalih fokus makan anda sekarang dapat benarbenar fokus tanding juga pikir spiritual anda gambasvideo cnn
https://www.cnnindonesia.com/olahraga/20260308114055-142-1335562/miliano-jonathans-cedera-diragukan-bela-indonesia-di-fifa-series,"Miliano Jonathans Cedera, Diragukan Bela Indonesia di FIFA Series",miliano jonathansmengalami cedera kuat excelsior duel lawan heerenveen pada laga eredivisie sabtu 73 waktu tempat miliano duduk bangku cadang duel lawan heerenveen miliano lalu masuk lapang menit ke72 excelsior tinggal 02 ganti simon janssen tuju tingkat tekan gawang heerenveen menit kemudian excelsior kecil tinggal jadi 12 noah naujoks sukses cetak gol lalu eksekusi penalti advertisement scroll to continue with content tampil miliano tahan lama lapang alami cedera duel hristiyan petrov juga baru masuk lapang petrov sempat tubruk arah lutut paha miliano miliano jatuh erang sakit tim medis periksa kondisi miliano sempat papah lihat alami cedera kaki kanan tak ia guna tapak tanah tak lama kemudian miliano gotong tandu kondisi yang kemudian buat miliano ragu bisa bela timnas indonesia pasal jarak laga timnas indonesia fifa series tinggal tiga pekan timnas indonesia jadi tuan rumah fifa series bulan maret skuad garuda hadap st kitts and nevis laga tanggal 27 maret bila menang bakal tarung lawan menang duel bulgaria vs pulau solomon 31 maret gambasvideo cnn
https://www.cnnindonesia.com/olahraga/20260308043943-142-1335482/hasil-la-liga-lamine-yamal-bawa-barcelona-menang-tipis-atas-bilbao,Hasil La Liga: Lamine Yamal Bawa Barcelona Menang Tipis Atas Bilbao,lamine yamalberhasil membawabarcelonamenang tipis 10 atas tuan rumah athletic bilbao lanjut laga liga spanyol san mames minggu 82 dini hari wib barcelona hadap duel ketat lawan bilbao babak pertama jalan alot skor 00 tahan 45 menit laga langsung pasuk babak dua situasi belum ubah 20 menit awal babak dua bilbao barcelona samasama sulit cetak gol advertisement scroll to continue with content buntu baru pecah menit ke68 bintang barcelona lamine yamal jadi pecah buntu laga sebut terima umpan pedri lamine yamal ada sisi kiri kotak penalti bilbao lepas tembak arah tiang jauh bola lengkung tuju pojok kanan atas gawang bisa halau kiper bilbao unai simon gol lamine yamal akhir jadi gol tunggal laga sebut ada gol tambah cipta hingga laga usai menang buat barcelona hasil tahan selisih empat poin atas real madrid pekan barcelona kini koleksi 67 poin duduk posisi puncak klasemen belum real madrid lebih dulu raih tiga angka lawat markas celta vigo los blancos menang 21 lewat gol cetak aurelien tchouameni federico valverde susun main athletic bilbao 4231 simon gorosabel vivian laporte boiro jauregizar rego berenguer sanchez gomez williams barcelona 433 garcia eric garcia cubarsi martin cancelo dan olmo nal casado lamine yamal torres rashford gambasvideo cnn
https://www.cnnindonesia.com/olahraga/20260308095703-170-1335540/jadwal-final-all-england-2026-an-se-young-vs-wang-zhiyi,Jadwal Final All England 2026: An Se Young vs Wang Zhiyi,laga finalall england 2026akan langsung minggu 83 ikut jadwal final all england all england 2026 capai partai puncak pebulutangkis juang rebut gelar juara final all england 2026 jadi sempat an se young kim won hoseo seung jae tahan gelar juara dua wakil korea selatan jadi juara tahun lalu masih punya peluang tahan gelar advertisement scroll to continue with content an se young bakal jumpa wang zhiyi duel unggul atas duel an se young vs wang zhiyi laga seringkali hadir final bwf world tour sejak 2025 hasil an se young selalu menang kimseo bakal temu aaron choasoh wooi yik laga juga jadi final ideal lantar tarung unggul pertama lawan unggul dua all england 2026 juga bakal jadi momen penting hadir gelar pertama all england momen bakal jadi tunggal putra ganda campur nomor tunggal putra lakhsya sen tarung lawan lin chun yi lakhsya sen takluk unggul pertama shi yuqi babak pertama lin chun yi sisih unggul dua kunlavut vitidsarn babak semifinal menang laga rebut gelar juara all england pertama kali rupa jadi final ganda campur ye hong weinicole gonzales chanthom gicqueldelphine delrue nomor ganda putri unggul pertama liu shengshutan ning akan usaha rebut gelar all england pertama namun adang lawan kuat baek ha nalee so hee pernah juara all england di 2024 ye hong weinicole gonzales chan vs thom gicqueldelphine delrue lakshya sen vs lin chun yi liu shengshutan ning vs baek ha nalee so hee an se young vs wang zhi yi kim won hoseo seung jae vs aaron chiasoh wooi yik gambasvideo cnn
https://www.cnnindonesia.com/olahraga/20260308072120-170-1335492/taiwan-loloskan-dua-wakil-ke-final-all-england,Taiwan Loloskan Dua Wakil ke Final All England,tim bulu tangkis taiwan catat performa luar biasa diall england 2026dengan lolos wakil partai final toreh sebut capai nomor tunggal putra ganda campur nomor tunggal putra lin chun yi sukses laju partai puncak nomor ganda campur ye hong weinicole gonzales chan mampu lang partai akhir nomor tunggal putra lin chun yi masuk final usai kalah unggul dua kunlavut vitidsarn lin chun yi menang skor 2114 1821 2116 advertisement scroll to continue with content nomor ganda campur yenicole lolos final takluk unggul tujuh asal hongkong tang chun mantse ying suet yenicole menang 1621 2115 2113 babak final lin chun yi bakal hadap lakhsya sen india yenicole bakal temu unggul lima asal prancis thom gicqueldelphine delrue dua dekade akhir taiwan memang terus merangsek jadi kuat baru antara kuat lama indonesia china denmark jepang malaysia pebulutangkis hasil jadi bagi main elite dunia tai tzu ying pernah jadi juara all england tiga kali lee yangwang chi lin raih medali emas olimpiade di nomor ganda putra dua edisi akhir itu sosok chou tien chen chou tien chen main veteran bisa tahan di saing 10 besar gambasvideo cnn
https://www.cnnindonesia.com/olahraga/20260308065744-170-1335489/momen-dramatis-joaquin-4-kali-halau-serangan-kim-seo-sambil-tiduran,Momen Dramatis Joaquin 4 Kali Halau Serangan Kim/Seo Sambil Tiduran,raymond indranikolaus joaquin kalah kim won hoseo seung jae semifinalall england 2026 momen joaquin sempat tampil luar biasa halau serang kimseo momen sebut jadi ujung gim pertama tepat duduk 1818 momen kimseo terus tekan raymondjoaquin saat usaha tahan gempur kimseo joaquin hilang imbang jatuh posisi telentang lihat itu kimseo jelas langsung arah serang joaquin advertisement scroll to continue with content posisi ideal joaquin tunjuk gigih kengototan total empat serang kimseo arah joaquin semua kembali joaquin posisi tidur telentang meski akhir kimseo hasil poin main sebut pimpin 1918 akhir kimseo sudah lawan sengit raymondjoaquin skor 2119 gim pertama itu menang 2113 gim dua kalah raymondjoaquin buat indonesia tak punya wakil hasil lolos final all england alhasil indonesia lanjut puasa gelar all england tahun wakil indonesia akhir bisa juara all england fajar alfianmuhammad rian ardianto pada 2024 gambasvideo cnn
https://www.cnnindonesia.com/olahraga/20260308062653-170-1335486/tak-ada-wakil-di-final-puasa-gelar-indonesia-di-all-england-berlanjut,"Tak Ada Wakil di Final, Puasa Gelar Indonesia di All England Berlanjut",tim badminton indonesia pasti gagal raih gelar juaraall england 2026setelah wakil hasil lolos final satusatunya harap indonesia sisa all england raymond indranikolaus joaquin mampu lanjut langkah apik all england kali raymondjoaquin kalah unggul pertama kim won hoseo seung jae raymondjoaquin tunjuk lawan matimatian kimseo raymondjoaquin akhir aku unggul kimseo skor 1921 1321 advertisement scroll to continue with content usai kalah raymondjoaquin indonesia tak punya wakil babak final alhasil gelar juara pasti tak dapat pemainpemain indonesia demikian indonesia dua tahun untun dapat gelar all england main indonesia akhir biasa juara all england fajar alfianmuhammad rian ardianto di tahun 2024 all england tahun jumlah main indonesia sejati tampil cukup lumayan catat ada enam wakil bisa lolos empat final alwi farhan putri kusuma wardani muhammad rian ardiantorahmat hidayat raymondjoaquin febrian dwipuji kusumameilysa trias puspitasari adnan maulananita violina marwah selain raymondjoaquin ada main bisa lalu babak empat final mayoritas kalah pemainpemain unggul laga final all england langsung minggu 83 gambasvideo cnn
https://www.cnnindonesia.com/olahraga/20260307155130-170-1335407/pbsi-batal-kirim-atlet-ke-turnamen-di-kuba-dan-brasil,PBSI Batal Kirim Atlet ke Turnamen di Kuba dan Brasil,satu bulutangkis seluruh indonesia pbsi putus tidak kirim atlet turnamen jadwal langsung kuba brasil putus ambil timbang jumlah faktor masuk aman itu ketidakpastian opsi terbang transit kawasan timur tengah jadi timbang lain brazil international challenge jadwal langsung 2429 maret cuba international series 2026 rencana gelar 31 maret 5 april datang advertisement scroll to continue with content pbsi putus tidak berangkat atlet rangkai turnamen kuba brasil timbang jumlah faktor penting masuk kondisi aman kuba saat nilai kurang kondusif belum ada pasti beberapa opsi terbang transit lalu kawasan timur tengah bunyi nyata pbsi putus ambil program tanding atlet tetap jalan efektif dukung siap performa agenda kompetisi lanjut eskalasi terus tingkat timur tengah memang dampak pada transportasi udara sana bahkan jumlah bandara timur tengah tutup atau batal terbang perang amerika serikatisrael vs iran latih asal indonesia kini latih india irwansyah sempat rasa langsung dampak perang irwansyah sempat jebak dubai uni emirat arab pada akhir batal berangkat inggris all england 2026 gambasvideo cnn
https://www.cnnindonesia.com/olahraga/20260306134626-170-1335053/hasil-indian-wells-kalahkan-eks-partner-janice-tjen-lolos-16-besar,"Hasil Indian Wells: Kalahkan Eks Partner, Janice Tjen Lolos 16 Besar",janice tjenyang pasang hao ching chan hasil lolos babak 16 besarindian wells masters 2026usai kalah andreja klepackatarzyna piter jumat 63 tanding indian wells tennis garden california janicechan sukses raih menang set langsung 64 62 tanding jadi sorot janice tjen mampu kalah katarzyna piter sering jadi partner jumlah ajang internasional advertisement scroll to continue with content jadi pasang janicepiter sukses raih gelar wta 250 guangzhou tahun lalu kemudian mulai awal musim 2026 menang wta 250 hobart januari janice piter pasang grand slam buka musim australia open 2026 sayang juang henti babak pertama janice kemudian gandeng tenis filipina alexandra eala wta 500 abu dhabi wta 1000 dubai janice partner tenis ceko marie bouzkova janice pasang piter rida open pekan lalu henti semifinal kini dua harus temu di seberang net janicechan tampil lebih solid sukses kalah klepacpiter set langsung skor cukup yakin 64 62 gambasvideo cnn
https://www.cnnindonesia.com/olahraga/20260306052306-170-1334881/alwi-usai-menang-atas-chou-tien-chen-jangan-bangunkan-singa,Alwi Usai Menang Atas Chou Tien Chen: Jangan Bangunkan Singa,alwi farhanmengaku puas lolos empat finalall england 2026dengan kalah unggul tujuh chou tien chen babak 16 besar alwi singkir chou tien chen skor 2113 2119 menang antar alwi masuk babak empat final hasil juga jadi menang pertama alwi atas chou tien chen australia open 2025 alwi sempat dapat match point game dua duduk 2015 akhir kalah lewat rubber game advertisement scroll to continue with content alhamdulillah waktu tuhan baik terima kasih allah ada sini bukan diri tuhan jadi lupa ucap puji syukur sebaikbaiknya benar jauh beda waktu temu australian open 2025 memang temu kali coba lebih lawan diri lebih lawan rasa raguragu lawan rasa trauma ada diri bisa buat menang tanding tutur alwi farhan kutip rilis pbsi alwi aku chou tien chen sosok patut waspada tidak beri celah alwi bahkan ibarat chou tien chen singa alwi hasil redam main chou tien chen tak ulang momen pahit australia open 2025 chou tien chen itu main unik banyak orang perhati makin keluar main jadi tadi saya coba lebih redam coba lebih tenang situasi kurang lebih kayak singa jangan dibangunin sih saya main dalam hawa yang tidak terlalu tinggi tapi saya tetap pegang fokus main tutur alwi babak empat final alwi farhan hadap kunlavut vitidsarn gambasvideo cnn
https://www.cnnindonesia.com/olahraga/20260305145541-170-1334688/kalah-di-bnp-paribas-open-janice-tjen-masuk-daftar-pemain-miami-open,"Kalah di BNP Paribas Open, Janice Tjen Masuk Daftar Pemain Miami Open",singkir babak pertama bnp paribas open 2026janicetjenpunya sempat siap diri tampil dimiami open 2026 hidup turnamen turnamen ini sedang jalan janice atlet profesional pekan ganti pekan janice aksi satu arena arena lain tahun janice start kawasan oseania kemudian ikut rentet jadwal timur tengah kini tenis 23 tahun ada amerika serikat sempat laga meksiko advertisement scroll to continue with content sama meksiko turnamen rida open 2026 janice gagal lewat adang babak pertama bnp paribas open indian wells open janice akan tampil sektor ganda bnp paribas open rampung nama janice ada daftar main ikut miami open 2026 akan langsung 1729 maret sama bnp paribas open miami open rupa turnamen gengsi kelas wta 1000 deret petenispetenis papan atas masuk dalamplayerlistmiami open 2026 aryna sabalenka iga swiatek elena rybakina kendati daftar main ada situs wta masih ubah sewaktuwaktu umum main bakal tampil sekaligus sama drawing janice asing turnamen wta 1000 laga bnp paribas open janice sudah tampil qatar open dubai championships langkah janice qatar open henti di babak dua kalah swiatek di dubai championships janice capai babak 16 besar kemudian kalah amanda anisimova gambasvideo cnn
https://www.cnnindonesia.com/olahraga/20260305115715-170-1334600/legenda-timnas-indonesia-riono-asnan-meninggal-dunia,Legenda Timnas Indonesia Riono Asnan Meninggal Dunia,legendatimnas indonesiadan baya surabaya riono asnan tinggal dunia rabu 43 kabar sebut siar akun media sosial pssi riono asnan main kuat timnas indonesia periode 19791983 dasar data transfermarkt riono asman lahir 15 januari 1958 surabaya riono asnan tinggal dunia usia 68 tahun advertisement scroll to continue with content turut duka atas pulang riono asnan bek tengah gelandang timnas indonesia 19791983 tulis pssi riono asnan main besar sama baya lejit tim junior hasil tembus skuad senior tampil apik sama baya yang akhir turut antar riono asnan dapat panggil timnas indonesia gambasvideo cnn
https://www.cnnindonesia.com/olahraga/20260304150409-170-1334280/ubed-khawatir-as-israel-vs-iran-ganggu-rombongan-badminton-indonesia,Ubed Khawatir AS-Israel vs Iran Ganggu Rombongan Badminton Indonesia,tunggal putra indonesiamoh zaki ubaidillahmengaku khawatir konflik iranisrael pengaruh jalan wakil indonesia ajang bulutangkis dekat ubed panggil akrab ikut turnamen eropa orleans masters 2026 49 maret swiss open 2026 1015 maret sana terbang dekat wilayah asia barat kini tengah landa tegang geopolitik kalau khawatir moga selamat kata ubed pelatnas pbsi cipayung jakarta rabu 43 advertisement scroll to continue with content ubed sebut rombong wakil indonesia berangkat sabtu 73 malam wib rencana lokasi transit tetap istanbul turki transit istanbul jadi memang awal sana transit bukan perang ucap tunggal putra peringkat ke39 dunia target tembus semifinal orleans masters 2026 swiss open 2026 meski tak ada gelar jadi ambisi ubed tetap maksimal tiap babak target sana tembus semifinal duaduanya semua main punya kans masingmasing bisa kalah ujar lebih lanjut ubed sorot aspek adaptasi kala kompetisi eropa tak ada sesi aklimatisasi sesuai laku atlet indonesia di all england 2026 tanggap ubed tak soal waktu adaptasi sedikit aku bisa sesuai diri di lingkung baru waktu singkat mungkin tidur yang harus lebih kualitas harus fokus di daya tahan fisik karena sempat drop evaluasi minggu dan minggu kemarin kata gambasvideo cnn
